-- TDT4140 g11 database example values

--
-- Data for table `DataProvider`
--

INSERT INTO `DataProvider`
  (`DataproviderID`, `SSN`, `FirstName`, `LastName`, `BirthDate`, `Sex`, `Weight`, `Height`, `Status`, `StartDate`, `Email`, `PhoneNum`)
VALUES
(1, '2058933333', 'Jan', 'Pettersen', '1989-05-02', 'M', '135', '186', 'ACTIVE', '2018-02-22', 'janpettersen@gmail.com', '41329684'),
(2, '15080044444', 'Trude', 'Monsen', '2000-08-15', 'F', '52', '162', 'ACTIVE', '2018-02-09', 'trude_horsiebabe@hotmail.com', '93657815'),
(3, '31105211111', 'Viktor', 'Hovsland', '1952-10-31', 'M', '65', '180', 'ACTIVE', '2018-01-05', 'v.hovsland@yahoo.no', '42659878'),
(4, '25098812345', 'Ola', 'Nordmann', '1988-09-25', 'M', '80', '179', 'ACTIVE', '2018-01-02', 'carl@yahoo.no', '42659878'),
(5, '21047512468', 'Motorhedda', 'Gabler', '1975-04-21', 'F', '63', '158', 'ACTIVE', '2018-01-13', 'hans@yahoo.no', '42659878'),
(6, '27029677770', 'Legendariske', 'Zapdos', '1996-02-27', 'O', '53', '160', 'ACTIVE', '2018-01-01', 'petter@yahoo.no', '42659878');

--
-- Data for table `Bloodsugar`
--

INSERT INTO `Bloodsugar` (`DataproviderID`, `Timestamp`, `Level`) VALUES
(1, '2018-02-19 00:00:00', 8.6),
(1, '2018-02-19 00:30:00', 8.1),
(1, '2018-02-19 01:00:00', 7.5),
(1, '2018-02-19 01:30:00', 6.3),
(1, '2018-02-19 02:00:00', 5.1),
(1, '2018-02-19 02:30:00', 4.3),
(1, '2018-02-19 03:00:00', 4),
(1, '2018-02-19 03:30:00', 3.8),
(1, '2018-02-19 04:00:00', 3.9),
(1, '2018-02-19 04:30:00', 4.1),
(1, '2018-02-19 05:00:00', 4.1),
(1, '2018-02-19 05:30:00', 3.8),
(1, '2018-02-19 06:00:00', 3.7),
(1, '2018-02-19 06:30:00', 4.5),
(1, '2018-02-19 07:00:00', 6.5),
(1, '2018-02-19 09:00:00', 3.2),
(1, '2018-02-19 09:30:00', 4.5),
(1, '2018-02-19 10:00:00', 5.2),
(1, '2018-02-19 10:30:00', 6.1),
(1, '2018-02-19 11:00:00', 6.2),
(2, '2018-02-19 00:00:00', 5.4),
(2, '2018-02-19 00:30:00', 5.9),
(2, '2018-02-19 01:00:00', 6.2),
(2, '2018-02-19 01:30:00', 6.5),
(2, '2018-02-19 02:00:00', 6.8),
(2, '2018-02-19 02:30:00', 7.4),
(2, '2018-02-19 03:00:00', 7.9),
(2, '2018-02-19 03:30:00', 8.4),
(2, '2018-02-19 04:00:00', 9.3),
(2, '2018-02-19 04:30:00', 9.5),
(2, '2018-02-19 05:00:00', 9.6),
(2, '2018-02-19 05:30:00', 9.8),
(2, '2018-02-19 06:00:00', 10.1),
(2, '2018-02-19 06:30:00', 10.1),
(2, '2018-02-19 07:00:00', 10),
(3, '2018-02-19 02:30:00', 6.4),
(3, '2018-02-19 03:00:00', 6.6),
(3, '2018-02-19 03:30:00', 6.7),
(3, '2018-02-19 04:00:00', 6.9),
(3, '2018-02-19 04:30:00', 7),
(3, '2018-02-19 05:00:00', 7.4),
(3, '2018-02-19 05:30:00', 7.1),
(3, '2018-02-19 06:00:00', 6.5),
(3, '2018-02-19 06:30:00', 6.1),
(3, '2018-02-19 07:00:00', 5.8),
(3, '2018-02-19 07:30:00', 5.5),
(3, '2018-02-19 08:00:00', 5.2),
(3, '2018-02-19 08:30:00', 4.8),
(4, '2018-02-19 00:00:00', 5.5),
(4, '2018-02-19 00:30:00', 12),
(4, '2018-02-19 01:00:00', 10.3),
(4, '2018-02-19 01:30:00', 6.3),
(4, '2018-02-19 02:00:00', 5.6),
(4, '2018-02-19 02:30:00', 4.6),
(4, '2018-02-19 03:00:00', 4),
(4, '2018-02-19 03:30:00', 3.6),
(4, '2018-02-19 04:00:00', 4.1),
(4, '2018-02-19 04:30:00', 4.1),
(4, '2018-02-19 05:00:00', 2.556),
(4, '2018-02-19 05:30:00', 2.56),
(4, '2018-02-19 06:00:00', 2.1),
(4, '2018-02-19 06:30:00', 4.5),
(4, '2018-02-19 07:00:00', 6.5),
(4, '2018-02-19 09:00:00', 7.2),
(4, '2018-02-19 09:30:00', 8.5),
(4, '2018-02-19 10:00:00', 9.2),
(4, '2018-02-19 10:30:00', 5.1),
(4, '2018-02-19 11:00:00', 3.2),
(5, '2018-02-19 00:00:00', 5.4),
(5, '2018-02-19 10:00:00', 5.2),
(5, '2018-02-19 10:30:00', 4.6),
(5, '2018-02-19 11:00:00', 6.2),
(6, '2018-02-19 00:30:00', 5.2),
(6, '2018-02-19 01:00:00', 6.9),
(6, '2018-02-19 01:30:00', 2.5),
(6, '2018-02-19 02:00:00', 4.8);

--
-- Data for table `Pulse`
--

INSERT INTO `Pulse` (`DataproviderID`, `Timestamp`, `BPM`) VALUES
(1, '2018-02-19 00:00:00', 60),
(1, '2018-02-19 00:05:00', 65),
(1, '2018-02-19 00:10:00', 68),
(1, '2018-02-19 00:15:00', 70),
(1, '2018-02-19 00:20:00', 71),
(1, '2018-02-19 00:25:00', 70),
(1, '2018-02-19 00:30:00', 69),
(1, '2018-02-19 00:35:00', 150),
(1, '2018-02-19 00:40:00', 165),
(1, '2018-02-19 00:45:00', 163),
(1, '2018-02-19 00:50:00', 209),
(1, '2018-02-19 00:55:00', 96),
(1, '2018-02-19 01:00:00', 92);

--
-- Data for table `ServiceProvider`
--

INSERT INTO `ServiceProvider` (`Username`, `PasswordHash`, `Email`) VALUES
('admin', '927da14bd2a44cb15fa0c85e64098b2c388a9cfb953f9062ad5d0857a29e20822f210e9d699e807a856f5c9175db52d337946e5796d5ad07ed098df55b147377:b35df4ffb1f75dda75f10392cba1205f', 'admin@d1abytes.com');

